[{"model": "auth.permission", "pk": 1, "fields": {"name": "Can add log entry", "content_type": 1, "codename": "add_logentry"}}, {"model": "auth.permission", "pk": 2, "fields": {"name": "Can change log entry", "content_type": 1, "codename": "change_logentry"}}, {"model": "auth.permission", "pk": 3, "fields": {"name": "Can delete log entry", "content_type": 1, "codename": "delete_logentry"}}, {"model": "auth.permission", "pk": 4, "fields": {"name": "Can view log entry", "content_type": 1, "codename": "view_logentry"}}, {"model": "auth.permission", "pk": 5, "fields": {"name": "Can add permission", "content_type": 2, "codename": "add_permission"}}, {"model": "auth.permission", "pk": 6, "fields": {"name": "Can change permission", "content_type": 2, "codename": "change_permission"}}, {"model": "auth.permission", "pk": 7, "fields": {"name": "Can delete permission", "content_type": 2, "codename": "delete_permission"}}, {"model": "auth.permission", "pk": 8, "fields": {"name": "Can view permission", "content_type": 2, "codename": "view_permission"}}, {"model": "auth.permission", "pk": 9, "fields": {"name": "Can add group", "content_type": 3, "codename": "add_group"}}, {"model": "auth.permission", "pk": 10, "fields": {"name": "Can change group", "content_type": 3, "codename": "change_group"}}, {"model": "auth.permission", "pk": 11, "fields": {"name": "Can delete group", "content_type": 3, "codename": "delete_group"}}, {"model": "auth.permission", "pk": 12, "fields": {"name": "Can view group", "content_type": 3, "codename": "view_group"}}, {"model": "auth.permission", "pk": 13, "fields": {"name": "Can add user", "content_type": 4, "codename": "add_user"}}, {"model": "auth.permission", "pk": 14, "fields": {"name": "Can change user", "content_type": 4, "codename": "change_user"}}, {"model": "auth.permission", "pk": 15, "fields": {"name": "Can delete user", "content_type": 4, "codename": "delete_user"}}, {"model": "auth.permission", "pk": 16, "fields": {"name": "Can view user", "content_type": 4, "codename": "view_user"}}, {"model": "auth.permission", "pk": 17, "fields": {"name": "Can add content type", "content_type": 5, "codename": "add_contenttype"}}, {"model": "auth.permission", "pk": 18, "fields": {"name": "Can change content type", "content_type": 5, "codename": "change_contenttype"}}, {"model": "auth.permission", "pk": 19, "fields": {"name": "Can delete content type", "content_type": 5, "codename": "delete_contenttype"}}, {"model": "auth.permission", "pk": 20, "fields": {"name": "Can view content type", "content_type": 5, "codename": "view_contenttype"}}, {"model": "auth.permission", "pk": 21, "fields": {"name": "Can add session", "content_type": 6, "codename": "add_session"}}, {"model": "auth.permission", "pk": 22, "fields": {"name": "Can change session", "content_type": 6, "codename": "change_session"}}, {"model": "auth.permission", "pk": 23, "fields": {"name": "Can delete session", "content_type": 6, "codename": "delete_session"}}, {"model": "auth.permission", "pk": 24, "fields": {"name": "Can view session", "content_type": 6, "codename": "view_session"}}, {"model": "auth.permission", "pk": 25, "fields": {"name": "Can add Компания", "content_type": 7, "codename": "add_company"}}, {"model": "auth.permission", "pk": 26, "fields": {"name": "Can change Компания", "content_type": 7, "codename": "change_company"}}, {"model": "auth.permission", "pk": 27, "fields": {"name": "Can delete Компания", "content_type": 7, "codename": "delete_company"}}, {"model": "auth.permission", "pk": 28, "fields": {"name": "Can view Компания", "content_type": 7, "codename": "view_company"}}, {"model": "auth.permission", "pk": 29, "fields": {"name": "Can add Населенный пункт", "content_type": 8, "codename": "add_locality"}}, {"model": "auth.permission", "pk": 30, "fields": {"name": "Can change Населенный пункт", "content_type": 8, "codename": "change_locality"}}, {"model": "auth.permission", "pk": 31, "fields": {"name": "Can delete Населенный пункт", "content_type": 8, "codename": "delete_locality"}}, {"model": "auth.permission", "pk": 32, "fields": {"name": "Can view Населенный пункт", "content_type": 8, "codename": "view_locality"}}, {"model": "auth.permission", "pk": 33, "fields": {"name": "Can add Контракт", "content_type": 9, "codename": "add_contract"}}, {"model": "auth.permission", "pk": 34, "fields": {"name": "Can change Контракт", "content_type": 9, "codename": "change_contract"}}, {"model": "auth.permission", "pk": 35, "fields": {"name": "Can delete Контракт", "content_type": 9, "codename": "delete_contract"}}, {"model": "auth.permission", "pk": 36, "fields": {"name": "Can view Контракт", "content_type": 9, "codename": "view_contract"}}, {"model": "auth.permission", "pk": 37, "fields": {"name": "Can add Информация по авиационному контракту", "content_type": 10, "codename": "add_aviadata"}}, {"model": "auth.permission", "pk": 38, "fields": {"name": "Can change Информация по авиационному контракту", "content_type": 10, "codename": "change_aviadata"}}, {"model": "auth.permission", "pk": 39, "fields": {"name": "Can delete Информация по авиационному контракту", "content_type": 10, "codename": "delete_aviadata"}}, {"model": "auth.permission", "pk": 40, "fields": {"name": "Can view Информация по авиационному контракту", "content_type": 10, "codename": "view_aviadata"}}, {"model": "auth.user", "pk": 1, "fields": {"password": "pbkdf2_sha256$600000$fG0QT3p08pQZjafk49HVAg$kxXM76I02blic3t5cntYDSCLExxcEhSo59U1fKWn5kA=", "last_login": "2025-01-22T00:04:52.340Z", "is_superuser": true, "username": "admin", "first_name": "", "last_name": "", "email": "admin@gmail.com", "is_staff": true, "is_active": true, "date_joined": "2025-01-21T23:57:15.954Z", "groups": [], "user_permissions": []}}, {"model": "contenttypes.contenttype", "pk": 1, "fields": {"app_label": "admin", "model": "logentry"}}, {"model": "contenttypes.contenttype", "pk": 2, "fields": {"app_label": "auth", "model": "permission"}}, {"model": "contenttypes.contenttype", "pk": 3, "fields": {"app_label": "auth", "model": "group"}}, {"model": "contenttypes.contenttype", "pk": 4, "fields": {"app_label": "auth", "model": "user"}}, {"model": "contenttypes.contenttype", "pk": 5, "fields": {"app_label": "contenttypes", "model": "contenttype"}}, {"model": "contenttypes.contenttype", "pk": 6, "fields": {"app_label": "sessions", "model": "session"}}, {"model": "contenttypes.contenttype", "pk": 7, "fields": {"app_label": "avia_transportation", "model": "company"}}, {"model": "contenttypes.contenttype", "pk": 8, "fields": {"app_label": "avia_transportation", "model": "locality"}}, {"model": "contenttypes.contenttype", "pk": 9, "fields": {"app_label": "avia_transportation", "model": "contract"}}, {"model": "contenttypes.contenttype", "pk": 10, "fields": {"app_label": "avia_transportation", "model": "aviadata"}}, {"model": "sessions.session", "pk": "kus74cmf0239ga0d439xicaknlocybra", "fields": {"session_data": ".eJxVjDsOwjAQBe_iGln-Zi1Kes5g7a4dHECOFCdVxN1xpBTQvpl5u4i4rSVuLS9xSuIqtLj8boT8yvUA6Yn1MUue67pMJA9FnrTJ-5zy-3a6fwcFW-k1GRW8ZQsjUEZFwINiIMOWTQfoQiADmQfQwdoRsvMInpzXXbAYxOcL3Po3ag:1taOEm:v1yMsPjqu9yIq29GfQN1JT88rWkR33ONnL_ujB-1oC8", "expire_date": "2025-02-05T00:04:52.376Z"}}, {"model": "avia_transportation.company", "pk": 1, "fields": {"name": "ГОСУДАРСТВЕННОЕ БЮДЖЕТНОЕ УЧРЕЖДЕНИЕ РЕСПУБЛИКИ КОМИ \"ТЕРРИТОРИАЛЬНЫЙ ЦЕНТР МЕДИЦИНЫ КАТАСТРОФ РЕСПУБЛИКИ КОМИ\"", "created_at": "2025-01-22T00:01:27.687Z"}}, {"model": "avia_transportation.company", "pk": 2, "fields": {"name": "АО «Комиавиагранс»", "created_at": "2025-01-22T00:01:27.692Z"}}, {"model": "avia_transportation.company", "pk": 3, "fields": {"name": "АО «Комиавиатранс»", "created_at": "2025-01-22T00:07:45.655Z"}}, {"model": "avia_transportation.company", "pk": 4, "fields": {"name": "Акционерное общество «Комнавиатранс»", "created_at": "2025-01-22T00:10:48.747Z"}}, {"model": "avia_transportation.company", "pk": 5, "fields": {"name": "ОТДЕЛЕНИЕ ФОНДА ПЕНСИОННОГО И СОЦИАЛЬНОГО СТРАХОВАНИЯ РОССИЙСКОЙ ФЕДЕРАЦИИ ПО МАГАДАНСКОЙ ОБЛАСТИ", "created_at": "2025-01-22T00:18:02.611Z"}}, {"model": "avia_transportation.company", "pk": 6, "fields": {"name": "ОТДЕЛЕНИЕ ФОНДА ПЕНСИОННОГО И СОЦИАЛЬНОГО СТРАХОВАНИЯ РОССИЙСКОЙ ФЕДЕРАЦИИ ПО КРАСНОЯРСКОМУ КРАЮ", "created_at": "2025-01-22T00:19:41.530Z"}}, {"model": "avia_transportation.company", "pk": 7, "fields": {"name": "АДМИНИСТРАЦИЯ АЛЕКСАНДРОВСКОГО РАЙОНА ТОМСКОЙ ОБЛАСТИ", "created_at": "2025-01-22T00:30:17.740Z"}}, {"model": "avia_transportation.company", "pk": 8, "fields": {"name": "УПРАВЛЕНИЕ ДЕЛАМИ РАИСА РЕСПУБЛИКИ ТАТАРСТАН", "created_at": "2025-01-22T00:36:34.887Z"}}, {"model": "avia_transportation.company", "pk": 9, "fields": {"name": "АДМИНИСТРАЦИЯ УВАТСКОГО МУНИЦИПАЛЬНОГО РАЙОНА", "created_at": "2025-01-22T00:41:31.964Z"}}, {"model": "avia_transportation.company", "pk": 10, "fields": {"name": "Государственное бюджетное учреждение Республики Коми «Территориальный центр медицины катастроф Республики Коми»", "created_at": "2025-01-22T00:48:20.016Z"}}, {"model": "avia_transportation.company", "pk": 11, "fields": {"name": "УПРАВЛЕНИЕ МУНИЦИПАЛЬНОГО ЗАКАЗА И ПОТРЕБИТЕЛЬСКОГО РЫНКА АДМИНИСТРАЦИИ ТАЙМЫРСКОГО ДОЛГАНО-НЕНЕЦКОГО МУНИЦИПАЛЬНОГО РАЙОНА", "created_at": "2025-01-22T00:54:27.429Z"}}, {"model": "avia_transportation.company", "pk": 12, "fields": {"name": "УПРАВЛЕНИЕ ГОСУДАРСТВЕННОГО ЗАКАЗА НЕНЕЦКОГО АВТОНОМНОГО ОКРУГА", "created_at": "2025-01-22T01:13:32.677Z"}}, {"model": "avia_transportation.contract", "pk": 1, "fields": {"tender_number": "2110114712124000364", "site_url": "https://zakupki.gov.ru", "customer": 1, "contractor": 2, "tender_info_link": "https://zakupki.gov.ru/epz/contract/contractCard/common-info.html?reestrNumber=2110114712124000364", "price": 571387.16, "conditions": {"weather_conditions": null, "equipment_conditions": null}, "additional_services": null, "date_start": "2024-12-11", "date_finish": null, "created_at": "2025-01-22T00:01:27.694Z"}}, {"model": "avia_transportation.contract", "pk": 2, "fields": {"tender_number": "2110114712124000366", "site_url": "https://zakupki.gov.ru", "customer": 1, "contractor": null, "tender_info_link": "https://zakupki.gov.ru/epz/contract/contractCard/common-info.html?reestrNumber=2110114712124000366", "price": 775646.44, "conditions": {"weather_conditions": null, "equipment_conditions": null}, "additional_services": null, "date_start": null, "date_finish": null, "created_at": "2025-01-22T00:06:16.466Z"}}, {"model": "avia_transportation.contract", "pk": 3, "fields": {"tender_number": "2110114712124000365", "site_url": "https://zakupki.gov.ru", "customer": 1, "contractor": 3, "tender_info_link": "https://zakupki.gov.ru/epz/contract/contractCard/common-info.html?reestrNumber=2110114712124000365", "price": 1326705.64, "conditions": {"weather_conditions": null, "equipment_conditions": null}, "additional_services": null, "date_start": "2024-12-11", "date_finish": null, "created_at": "2025-01-22T00:07:45.657Z"}}, {"model": "avia_transportation.contract", "pk": 4, "fields": {"tender_number": "2110114712124000362", "site_url": "https://zakupki.gov.ru", "customer": 1, "contractor": 4, "tender_info_link": "https://zakupki.gov.ru/epz/contract/contractCard/common-info.html?reestrNumber=2110114712124000362", "price": 877531.16, "conditions": {"weather_conditions": null, "equipment_conditions": null}, "additional_services": null, "date_start": "2024-11-20", "date_finish": null, "created_at": "2025-01-22T00:10:48.748Z"}}, {"model": "avia_transportation.contract", "pk": 5, "fields": {"tender_number": "2110114712124000361", "site_url": "https://zakupki.gov.ru", "customer": 1, "contractor": null, "tender_info_link": "https://zakupki.gov.ru/epz/contract/contractCard/common-info.html?reestrNumber=2110114712124000361", "price": 1367361.56, "conditions": {"weather_conditions": null, "equipment_conditions": null}, "additional_services": null, "date_start": null, "date_finish": null, "created_at": "2025-01-22T00:15:03.645Z"}}, {"model": "avia_transportation.contract", "pk": 6, "fields": {"tender_number": "0347100011924000167", "site_url": "https://zakupki.gov.ru", "customer": 5, "contractor": null, "tender_info_link": "https://zakupki.gov.ru/epz/order/notice/ea20/view/common-info.html?regNumber=0347100011924000167", "price": 825790.16, "conditions": {"weather_conditions": null, "equipment_conditions": null}, "additional_services": null, "date_start": null, "date_finish": null, "created_at": "2025-01-22T00:18:02.613Z"}}, {"model": "avia_transportation.contract", "pk": 7, "fields": {"tender_number": "0219100000224000518", "site_url": "https://zakupki.gov.ru", "customer": 6, "contractor": null, "tender_info_link": "https://zakupki.gov.ru/epz/order/notice/ea20/view/common-info.html?regNumber=0219100000224000518", "price": 3019674.2, "conditions": {"weather_conditions": null, "equipment_conditions": null}, "additional_services": null, "date_start": "2025-01-01", "date_finish": null, "created_at": "2025-01-22T00:19:41.531Z"}}, {"model": "avia_transportation.contract", "pk": 8, "fields": {"tender_number": "0219100000224000517", "site_url": "https://zakupki.gov.ru", "customer": 6, "contractor": null, "tender_info_link": "https://zakupki.gov.ru/epz/order/notice/ea20/view/common-info.html?regNumber=0219100000224000517", "price": 1462417.08, "conditions": {"weather_conditions": null, "equipment_conditions": null}, "additional_services": null, "date_start": null, "date_finish": null, "created_at": "2025-01-22T00:26:24.987Z"}}, {"model": "avia_transportation.contract", "pk": 9, "fields": {"tender_number": "0165300018024000007", "site_url": "https://zakupki.gov.ru", "customer": 7, "contractor": null, "tender_info_link": "https://zakupki.gov.ru/epz/order/notice/ea20/view/common-info.html?regNumber=0165300018024000007", "price": 8162940.0, "conditions": {"weather_conditions": null, "equipment_conditions": null}, "additional_services": null, "date_start": "2025-01-01", "date_finish": null, "created_at": "2025-01-22T00:30:17.742Z"}}, {"model": "avia_transportation.contract", "pk": 10, "fields": {"tender_number": "0111200003024000016", "site_url": "https://zakupki.gov.ru", "customer": 8, "contractor": null, "tender_info_link": "https://zakupki.gov.ru/epz/order/notice/ea20/view/common-info.html?regNumber=0111200003024000016", "price": 4800000.0, "conditions": {"weather_conditions": null, "equipment_conditions": null}, "additional_services": null, "date_start": "2025-01-01", "date_finish": null, "created_at": "2025-01-22T00:36:34.888Z"}}, {"model": "avia_transportation.contract", "pk": 11, "fields": {"tender_number": "0167300024524000181", "site_url": "https://zakupki.gov.ru", "customer": 9, "contractor": null, "tender_info_link": "https://zakupki.gov.ru/epz/order/notice/zk20/view/common-info.html?regNumber=0167300024524000181", "price": 7563710.0, "conditions": {"weather_conditions": null, "equipment_conditions": null}, "additional_services": null, "date_start": "2025-01-01", "date_finish": null, "created_at": "2025-01-22T00:41:31.965Z"}}, {"model": "avia_transportation.contract", "pk": 12, "fields": {"tender_number": "0167300024524000180", "site_url": "https://zakupki.gov.ru", "customer": 9, "contractor": null, "tender_info_link": "https://zakupki.gov.ru/epz/order/notice/zk20/view/common-info.html?regNumber=0167300024524000180", "price": 702026.66, "conditions": {"weather_conditions": null, "equipment_conditions": null}, "additional_services": null, "date_start": "2023-01-01", "date_finish": null, "created_at": "2025-01-22T00:44:11.797Z"}}, {"model": "avia_transportation.contract", "pk": 13, "fields": {"tender_number": "2110114712124000363", "site_url": "https://zakupki.gov.ru", "customer": 1, "contractor": 10, "tender_info_link": "https://zakupki.gov.ru/epz/contract/contractCard/common-info.html?reestrNumber=2110114712124000363", "price": 224587.24, "conditions": {"weather_conditions": null, "equipment_conditions": null}, "additional_services": null, "date_start": "2024-11-14", "date_finish": null, "created_at": "2025-01-22T00:48:20.017Z"}}, {"model": "avia_transportation.contract", "pk": 14, "fields": {"tender_number": "0347100011924000166", "site_url": "https://zakupki.gov.ru", "customer": 5, "contractor": null, "tender_info_link": "https://zakupki.gov.ru/epz/order/notice/ea20/view/common-info.html?regNumber=0347100011924000166", "price": 783228.88, "conditions": {"weather_conditions": null, "equipment_conditions": null}, "additional_services": null, "date_start": null, "date_finish": null, "created_at": "2025-01-22T00:51:35.088Z"}}, {"model": "avia_transportation.contract", "pk": 15, "fields": {"tender_number": "0347100011924000165", "site_url": "https://zakupki.gov.ru", "customer": 5, "contractor": null, "tender_info_link": "https://zakupki.gov.ru/epz/order/notice/ea20/view/common-info.html?regNumber=0347100011924000165", "price": 1719673.2, "conditions": {"weather_conditions": null, "equipment_conditions": null}, "additional_services": null, "date_start": null, "date_finish": null, "created_at": "2025-01-22T00:53:05.774Z"}}, {"model": "avia_transportation.contract", "pk": 16, "fields": {"tender_number": "0319300003424000542", "site_url": "https://zakupki.gov.ru", "customer": 11, "contractor": null, "tender_info_link": "https://zakupki.gov.ru/epz/order/notice/ea20/view/common-info.html?regNumber=0319300003424000542", "price": 2620800.0, "conditions": {"weather_conditions": null, "equipment_conditions": null}, "additional_services": null, "date_start": null, "date_finish": null, "created_at": "2025-01-22T00:54:27.431Z"}}, {"model": "avia_transportation.contract", "pk": 17, "fields": {"tender_number": "2110114712124000360", "site_url": "https://zakupki.gov.ru", "customer": 1, "contractor": 3, "tender_info_link": "https://zakupki.gov.ru/epz/contract/contractCard/common-info.html?reestrNumber=2110114712124000360", "price": 1408262.4, "conditions": {"weather_conditions": null, "equipment_conditions": null}, "additional_services": null, "date_start": "2024-12-11", "date_finish": null, "created_at": "2025-01-22T01:07:08.465Z"}}, {"model": "avia_transportation.contract", "pk": 18, "fields": {"tender_number": "0319300003424000545", "site_url": "https://zakupki.gov.ru", "customer": 11, "contractor": null, "tender_info_link": "https://zakupki.gov.ru/epz/order/notice/ea20/view/common-info.html?regNumber=0319300003424000545", "price": 3309600.0, "conditions": {"weather_conditions": null, "equipment_conditions": null}, "additional_services": null, "date_start": null, "date_finish": null, "created_at": "2025-01-22T01:08:27.727Z"}}, {"model": "avia_transportation.contract", "pk": 19, "fields": {"tender_number": "0184200000624001701", "site_url": "https://zakupki.gov.ru", "customer": 12, "contractor": null, "tender_info_link": "https://zakupki.gov.ru/epz/order/notice/ea20/view/common-info.html?regNumber=0184200000624001701", "price": 10344000.0, "conditions": {"weather_conditions": null, "equipment_conditions": null}, "additional_services": null, "date_start": "2025-01-01", "date_finish": null, "created_at": "2025-01-22T01:13:32.679Z"}}, {"model": "avia_transportation.aviadata", "pk": 1, "fields": {"contract": 1, "departure": 1, "arrival": 1, "cargo": "пассажиры", "distance": null, "flight_hours_number": null, "aircraft_examples": "[\"\\u041c\\u0438-8\\u0422\"]", "aircraft_number": null, "cargo_volume": null, "aircraft_type": "helicopter", "drone_type": null, "drone_payload": null, "drone_service_type": null, "regularity_type": null, "work_type": "sanitary", "number_flies": null, "created_at": "2025-01-22T00:01:27.712Z"}}, {"model": "avia_transportation.aviadata", "pk": 2, "fields": {"contract": 2, "departure": 2, "arrival": 3, "cargo": "пассажиры", "distance": null, "flight_hours_number": null, "aircraft_examples": "[]", "aircraft_number": null, "cargo_volume": 1.0, "aircraft_type": null, "drone_type": null, "drone_payload": null, "drone_service_type": null, "regularity_type": null, "work_type": "passenger", "number_flies": null, "created_at": "2025-01-22T00:06:16.476Z"}}, {"model": "avia_transportation.aviadata", "pk": 3, "fields": {"contract": 3, "departure": 4, "arrival": 4, "cargo": "пассажиры", "distance": null, "flight_hours_number": null, "aircraft_examples": "[\"\\u041c\\u0438-8\\u0413\", \"\\u041c\\u0438-8\\u041c\\u0422\\u0412\"]", "aircraft_number": null, "cargo_volume": null, "aircraft_type": "helicopter", "drone_type": null, "drone_payload": null, "drone_service_type": null, "regularity_type": null, "work_type": "sanitary", "number_flies": null, "created_at": "2025-01-22T00:07:45.671Z"}}, {"model": "avia_transportation.aviadata", "pk": 4, "fields": {"contract": 4, "departure": 4, "arrival": 4, "cargo": "пассажиры", "distance": 490.0, "flight_hours_number": null, "aircraft_examples": "[\"\\u041c\\u0438-8\\u041c\\u0422\\u0412\"]", "aircraft_number": null, "cargo_volume": null, "aircraft_type": "helicopter", "drone_type": null, "drone_payload": null, "drone_service_type": null, "regularity_type": null, "work_type": "passenger", "number_flies": null, "created_at": "2025-01-22T00:10:48.756Z"}}, {"model": "avia_transportation.aviadata", "pk": 5, "fields": {"contract": 5, "departure": 5, "arrival": 3, "cargo": "пассажиры", "distance": null, "flight_hours_number": null, "aircraft_examples": "[]", "aircraft_number": null, "cargo_volume": 1.0, "aircraft_type": null, "drone_type": null, "drone_payload": null, "drone_service_type": null, "regularity_type": null, "work_type": "passenger", "number_flies": null, "created_at": "2025-01-22T00:15:03.656Z"}}, {"model": "avia_transportation.aviadata", "pk": 6, "fields": {"contract": 6, "departure": 6, "arrival": 7, "cargo": "пассажиры", "distance": null, "flight_hours_number": null, "aircraft_examples": "[]", "aircraft_number": null, "cargo_volume": 13.0, "aircraft_type": null, "drone_type": null, "drone_payload": null, "drone_service_type": null, "regularity_type": null, "work_type": "passenger", "number_flies": null, "created_at": "2025-01-22T00:18:02.622Z"}}, {"model": "avia_transportation.aviadata", "pk": 7, "fields": {"contract": 6, "departure": 7, "arrival": 6, "cargo": "пассажиры", "distance": null, "flight_hours_number": null, "aircraft_examples": "[]", "aircraft_number": null, "cargo_volume": 13.0, "aircraft_type": null, "drone_type": null, "drone_payload": null, "drone_service_type": null, "regularity_type": null, "work_type": "passenger", "number_flies": null, "created_at": "2025-01-22T00:18:02.629Z"}}, {"model": "avia_transportation.aviadata", "pk": 8, "fields": {"contract": 7, "departure": 8, "arrival": 9, "cargo": "пассажиры", "distance": null, "flight_hours_number": null, "aircraft_examples": "[]", "aircraft_number": null, "cargo_volume": null, "aircraft_type": null, "drone_type": null, "drone_payload": null, "drone_service_type": null, "regularity_type": null, "work_type": "passenger", "number_flies": null, "created_at": "2025-01-22T00:19:41.539Z"}}, {"model": "avia_transportation.aviadata", "pk": 9, "fields": {"contract": 7, "departure": 9, "arrival": 8, "cargo": "пассажиры", "distance": null, "flight_hours_number": null, "aircraft_examples": "[]", "aircraft_number": null, "cargo_volume": null, "aircraft_type": null, "drone_type": null, "drone_payload": null, "drone_service_type": null, "regularity_type": null, "work_type": "passenger", "number_flies": null, "created_at": "2025-01-22T00:19:41.551Z"}}, {"model": "avia_transportation.aviadata", "pk": 10, "fields": {"contract": 8, "departure": 10, "arrival": 9, "cargo": "пассажиры", "distance": null, "flight_hours_number": null, "aircraft_examples": "[]", "aircraft_number": null, "cargo_volume": null, "aircraft_type": null, "drone_type": null, "drone_payload": null, "drone_service_type": null, "regularity_type": null, "work_type": "passenger", "number_flies": null, "created_at": "2025-01-22T00:26:24.994Z"}}, {"model": "avia_transportation.aviadata", "pk": 11, "fields": {"contract": 8, "departure": 9, "arrival": 10, "cargo": "пассажиры", "distance": null, "flight_hours_number": null, "aircraft_examples": "[]", "aircraft_number": null, "cargo_volume": null, "aircraft_type": null, "drone_type": null, "drone_payload": null, "drone_service_type": null, "regularity_type": null, "work_type": "passenger", "number_flies": null, "created_at": "2025-01-22T00:26:25.003Z"}}, {"model": "avia_transportation.aviadata", "pk": 12, "fields": {"contract": 9, "departure": 11, "arrival": 12, "cargo": null, "distance": null, "flight_hours_number": 36.77, "aircraft_examples": "[\"\\u041c\\u0418-8\"]", "aircraft_number": null, "cargo_volume": null, "aircraft_type": "helicopter", "drone_type": null, "drone_payload": null, "drone_service_type": null, "regularity_type": "charter", "work_type": "freight", "number_flies": null, "created_at": "2025-01-22T00:30:17.754Z"}}, {"model": "avia_transportation.aviadata", "pk": 13, "fields": {"contract": 9, "departure": 11, "arrival": 12, "cargo": null, "distance": null, "flight_hours_number": null, "aircraft_examples": "[\"\\u041c\\u0418-8\"]", "aircraft_number": null, "cargo_volume": null, "aircraft_type": "helicopter", "drone_type": null, "drone_payload": null, "drone_service_type": null, "regularity_type": "charter", "work_type": "freight", "number_flies": null, "created_at": "2025-01-22T00:30:17.763Z"}}, {"model": "avia_transportation.aviadata", "pk": 14, "fields": {"contract": 10, "departure": 13, "arrival": 13, "cargo": null, "distance": null, "flight_hours_number": null, "aircraft_examples": "[]", "aircraft_number": null, "cargo_volume": null, "aircraft_type": "plane", "drone_type": null, "drone_payload": null, "drone_service_type": null, "regularity_type": null, "work_type": "passenger", "number_flies": null, "created_at": "2025-01-22T00:36:34.896Z"}}, {"model": "avia_transportation.aviadata", "pk": 15, "fields": {"contract": 10, "departure": 14, "arrival": 13, "cargo": "пассажиры", "distance": null, "flight_hours_number": null, "aircraft_examples": "[]", "aircraft_number": null, "cargo_volume": 124.0, "aircraft_type": "plane", "drone_type": null, "drone_payload": null, "drone_service_type": null, "regularity_type": null, "work_type": "passenger", "number_flies": null, "created_at": "2025-01-22T00:36:34.904Z"}}, {"model": "avia_transportation.aviadata", "pk": 16, "fields": {"contract": 10, "departure": 14, "arrival": 13, "cargo": "пассажиры", "distance": null, "flight_hours_number": null, "aircraft_examples": "[]", "aircraft_number": null, "cargo_volume": 600.0, "aircraft_type": "plane", "drone_type": null, "drone_payload": null, "drone_service_type": null, "regularity_type": null, "work_type": "passenger", "number_flies": null, "created_at": "2025-01-22T00:36:34.910Z"}}, {"model": "avia_transportation.aviadata", "pk": 17, "fields": {"contract": 10, "departure": 14, "arrival": 13, "cargo": "пассажиры", "distance": null, "flight_hours_number": null, "aircraft_examples": "[]", "aircraft_number": null, "cargo_volume": 1500.0, "aircraft_type": "plane", "drone_type": null, "drone_payload": null, "drone_service_type": null, "regularity_type": null, "work_type": "passenger", "number_flies": null, "created_at": "2025-01-22T00:36:34.921Z"}}, {"model": "avia_transportation.aviadata", "pk": 18, "fields": {"contract": 11, "departure": 15, "arrival": 16, "cargo": "пассажиры", "distance": null, "flight_hours_number": 20.9, "aircraft_examples": "[\"\\u041c\\u0418-8\\u041c\\u0422\\u0412\", \"\\u041c\\u0418-8\\u0410\\u041c\\u0422\"]", "aircraft_number": null, "cargo_volume": 22.0, "aircraft_type": "helicopter", "drone_type": null, "drone_payload": null, "drone_service_type": null, "regularity_type": null, "work_type": "passenger", "number_flies": null, "created_at": "2025-01-22T00:41:31.971Z"}}, {"model": "avia_transportation.aviadata", "pk": 19, "fields": {"contract": 12, "departure": 15, "arrival": 16, "cargo": "пассажиры", "distance": null, "flight_hours_number": 2.0, "aircraft_examples": "[\"\\u0412\\u0435\\u0440\\u0442\\u043e\\u043b\\u0451\\u0442 \\u041c\\u0418-8\\u041c\\u0422\\u0412/\\u0410\\u041c\\u0422\"]", "aircraft_number": null, "cargo_volume": 22.0, "aircraft_type": "helicopter", "drone_type": null, "drone_payload": null, "drone_service_type": null, "regularity_type": null, "work_type": "passenger", "number_flies": null, "created_at": "2025-01-22T00:44:11.807Z"}}, {"model": "avia_transportation.aviadata", "pk": 20, "fields": {"contract": 13, "departure": 1, "arrival": 1, "cargo": "пассажиры", "distance": null, "flight_hours_number": null, "aircraft_examples": "[\"\\u041c\\u0438-8\\u0422\"]", "aircraft_number": null, "cargo_volume": null, "aircraft_type": "helicopter", "drone_type": null, "drone_payload": null, "drone_service_type": null, "regularity_type": null, "work_type": "sanitary", "number_flies": null, "created_at": "2025-01-22T00:48:20.027Z"}}, {"model": "avia_transportation.aviadata", "pk": 21, "fields": {"contract": 14, "departure": 17, "arrival": 7, "cargo": "пассажиры", "distance": null, "flight_hours_number": null, "aircraft_examples": "[]", "aircraft_number": null, "cargo_volume": 14.0, "aircraft_type": null, "drone_type": null, "drone_payload": null, "drone_service_type": null, "regularity_type": null, "work_type": "passenger", "number_flies": null, "created_at": "2025-01-22T00:51:35.094Z"}}, {"model": "avia_transportation.aviadata", "pk": 22, "fields": {"contract": 14, "departure": 7, "arrival": 17, "cargo": "пассажиры", "distance": null, "flight_hours_number": null, "aircraft_examples": "[]", "aircraft_number": null, "cargo_volume": 14.0, "aircraft_type": null, "drone_type": null, "drone_payload": null, "drone_service_type": null, "regularity_type": null, "work_type": "passenger", "number_flies": null, "created_at": "2025-01-22T00:51:35.099Z"}}, {"model": "avia_transportation.aviadata", "pk": 23, "fields": {"contract": 15, "departure": 8, "arrival": 7, "cargo": "пассажиры", "distance": null, "flight_hours_number": null, "aircraft_examples": "[]", "aircraft_number": null, "cargo_volume": 54.0, "aircraft_type": null, "drone_type": null, "drone_payload": null, "drone_service_type": null, "regularity_type": null, "work_type": "passenger", "number_flies": null, "created_at": "2025-01-22T00:53:05.780Z"}}, {"model": "avia_transportation.aviadata", "pk": 24, "fields": {"contract": 15, "departure": 7, "arrival": 8, "cargo": "пассажиры", "distance": null, "flight_hours_number": null, "aircraft_examples": "[]", "aircraft_number": null, "cargo_volume": 54.0, "aircraft_type": null, "drone_type": null, "drone_payload": null, "drone_service_type": null, "regularity_type": null, "work_type": "passenger", "number_flies": null, "created_at": "2025-01-22T00:53:05.786Z"}}, {"model": "avia_transportation.aviadata", "pk": 25, "fields": {"contract": 16, "departure": 18, "arrival": 19, "cargo": "пассажиры", "distance": null, "flight_hours_number": 7.0, "aircraft_examples": "[\"\\u0412\\u0435\\u0440\\u0442\\u043e\\u043b\\u0435\\u0442\"]", "aircraft_number": null, "cargo_volume": 7.0, "aircraft_type": "helicopter", "drone_type": null, "drone_payload": null, "drone_service_type": null, "regularity_type": null, "work_type": null, "number_flies": null, "created_at": "2025-01-22T00:54:27.436Z"}}, {"model": "avia_transportation.aviadata", "pk": 26, "fields": {"contract": 17, "departure": 4, "arrival": 4, "cargo": "пассажиры", "distance": null, "flight_hours_number": null, "aircraft_examples": "[\"\\u041c\\u0438-8\\u041c\\u0422\\u0412\"]", "aircraft_number": null, "cargo_volume": null, "aircraft_type": "helicopter", "drone_type": null, "drone_payload": null, "drone_service_type": null, "regularity_type": null, "work_type": "sanitary", "number_flies": null, "created_at": "2025-01-22T01:07:08.473Z"}}, {"model": "avia_transportation.aviadata", "pk": 27, "fields": {"contract": 18, "departure": 20, "arrival": 19, "cargo": "пассажиры", "distance": null, "flight_hours_number": 10.0, "aircraft_examples": "[]", "aircraft_number": null, "cargo_volume": 10.0, "aircraft_type": null, "drone_type": null, "drone_payload": null, "drone_service_type": null, "regularity_type": null, "work_type": null, "number_flies": null, "created_at": "2025-01-22T01:08:27.733Z"}}, {"model": "avia_transportation.aviadata", "pk": 28, "fields": {"contract": 19, "departure": 3, "arrival": 21, "cargo": "пассажиры", "distance": null, "flight_hours_number": 4.0, "aircraft_examples": "[\"\\u041c\\u0438-8\\u0422\", \"\\u041c\\u0438-8\\u041c\\u0422\\u0412/\\u0410\\u041c\\u0422\"]", "aircraft_number": 1, "cargo_volume": 4.0, "aircraft_type": "helicopter", "drone_type": null, "drone_payload": null, "drone_service_type": null, "regularity_type": null, "work_type": "passenger", "number_flies": null, "created_at": "2025-01-22T01:13:32.690Z"}}, {"model": "avia_transportation.aviadata", "pk": 29, "fields": {"contract": 19, "departure": 3, "arrival": 21, "cargo": "пассажиры", "distance": null, "flight_hours_number": 20.0, "aircraft_examples": "[\"\\u041c\\u0438-8\\u041c\\u0422\\u0412/\\u0410\\u041c\\u0422\"]", "aircraft_number": 1, "cargo_volume": 20.0, "aircraft_type": "helicopter", "drone_type": null, "drone_payload": null, "drone_service_type": null, "regularity_type": null, "work_type": "passenger", "number_flies": null, "created_at": "2025-01-22T01:13:32.697Z"}}, {"model": "avia_transportation.locality", "pk": 1, "fields": {"name": "Ухта", "latitude": null, "longitude": null, "created_at": "2025-01-22T00:01:27.704Z"}}, {"model": "avia_transportation.locality", "pk": 2, "fields": {"name": "ГУ РК «Клинический кардиологический диспансер»", "latitude": null, "longitude": null, "created_at": "2025-01-22T00:06:16.472Z"}}, {"model": "avia_transportation.locality", "pk": 3, "fields": {"name": "Республика Коми", "latitude": "62.0", "longitude": "50.0", "created_at": "2025-01-22T00:06:16.475Z"}}, {"model": "avia_transportation.locality", "pk": 4, "fields": {"name": "Сыктывкар", "latitude": "61.669", "longitude": "50.625", "created_at": "2025-01-22T00:07:45.665Z"}}, {"model": "avia_transportation.locality", "pk": 5, "fields": {"name": "ОИТР № 1 РДКБ", "latitude": null, "longitude": null, "created_at": "2025-01-22T00:15:03.652Z"}}, {"model": "avia_transportation.locality", "pk": 6, "fields": {"name": "Новосибирск", "latitude": null, "longitude": null, "created_at": "2025-01-22T00:18:02.619Z"}}, {"model": "avia_transportation.locality", "pk": 7, "fields": {"name": "Магадан", "latitude": "59.568", "longitude": "142.775", "created_at": "2025-01-22T00:18:02.622Z"}}, {"model": "avia_transportation.locality", "pk": 8, "fields": {"name": "Москва", "latitude": "55.7558", "longitude": "37.6173", "created_at": "2025-01-22T00:19:41.534Z"}}, {"model": "avia_transportation.locality", "pk": 9, "fields": {"name": "Красноярск", "latitude": "56.0153", "longitude": "92.8577", "created_at": "2025-01-22T00:19:41.538Z"}}, {"model": "avia_transportation.locality", "pk": 10, "fields": {"name": "Санкт-Петербург", "latitude": "59.9343", "longitude": "30.3351", "created_at": "2025-01-22T00:26:24.991Z"}}, {"model": "avia_transportation.locality", "pk": 11, "fields": {"name": "Октябрьский", "latitude": null, "longitude": null, "created_at": "2025-01-22T00:30:17.748Z"}}, {"model": "avia_transportation.locality", "pk": 12, "fields": {"name": "Александровское", "latitude": null, "longitude": null, "created_at": "2025-01-22T00:30:17.753Z"}}, {"model": "avia_transportation.locality", "pk": 13, "fields": {"name": "Казань", "latitude": "55.7887", "longitude": "49.0661", "created_at": "2025-01-22T00:36:34.891Z"}}, {"model": "avia_transportation.locality", "pk": 14, "fields": {"name": "Область, где проходит авиаперевозка", "latitude": null, "longitude": null, "created_at": "2025-01-22T00:36:34.902Z"}}, {"model": "avia_transportation.locality", "pk": 15, "fields": {"name": "Тямка", "latitude": "58.7", "longitude": "69.7", "created_at": "2025-01-22T00:41:31.969Z"}}, {"model": "avia_transportation.locality", "pk": 16, "fields": {"name": "Уват", "latitude": "57.5", "longitude": "68.5", "created_at": "2025-01-22T00:41:31.971Z"}}, {"model": "avia_transportation.locality", "pk": 17, "fields": {"name": "Хабаровск", "latitude": "48.482", "longitude": "135.066", "created_at": "2025-01-22T00:51:35.091Z"}}, {"model": "avia_transportation.locality", "pk": 18, "fields": {"name": "сельское поселение Хатанга", "latitude": null, "longitude": null, "created_at": "2025-01-22T00:54:27.434Z"}}, {"model": "avia_transportation.locality", "pk": 19, "fields": {"name": "Таймырский Долгано-Ненецкий муниципальный район", "latitude": "75.0", "longitude": "102.0", "created_at": "2025-01-22T00:54:27.436Z"}}, {"model": "avia_transportation.locality", "pk": 20, "fields": {"name": "городское поселение Диксон", "latitude": "75.0", "longitude": "102.0", "created_at": "2025-01-22T01:08:27.731Z"}}, {"model": "avia_transportation.locality", "pk": 21, "fields": {"name": "Ненецкий автономный округ", "latitude": "67.0", "longitude": "45.0", "created_at": "2025-01-22T01:13:32.688Z"}}]